{"psnr": 20.5999755859375, "ssim": 0.5859581828117371, "lpips": 0.43392330408096313}